sim_number,avgTripOverhead
0,2.23406806022
1,2.1921436588
